mode,case,input_bytes,allocations,reallocations,allocated_bytes,retained_string_capacity,time_ns_single_sample
B,scalar_and_borrowed,12,0,0,0,0,0
B,warmed_transient_scratch,12,0,0,0,0,0
B,warmed_reusable_serializer,7,0,0,0,0,0
B,empty_container,2,0,0,0,0,0
B,direct_streaming_writer,7,0,0,0,0,0
B,short/100,501,102,5,3188,100,10973
A,short/100,501,102,3,4696,1600,6982
B,short/1000,5001,1002,8,25592,1000,66493
A,short/1000,5001,1002,6,40600,16000,52348
B,short/10000,50001,10002,12,403232,10000,735919
A,short/10000,50001,10002,10,553240,160000,652686
B,long/plain,100004,2,0,100096,100000,57037
A,long/plain,100004,3,0,100408,100000,28866
B,long/late_escape,100006,3,0,200113,100001,31218
A,long/late_escape,100006,3,0,100424,100016,30117
B,long/dense,100004,3,12,115632,50000,91090
A,long/dense,100004,3,12,65944,65536,88755
B,long/unicode,100000,3,12,98964,33332,201466
A,long/unicode,100000,3,12,65944,65536,204192
B,tiny_then_large,100009,4,0,100113,100001,28443
A,tiny_then_large,100009,4,0,100424,100016,29975
